{
    "dawnS1": {
        "position": [
            151.60000610351562,
            8.649999618530273,
            -44.88999938964844
        ],
        "quaternion": [
            0.0,
            -0.9981347918510437,
            0.0,
            0.06104850769042969
        ]
    },
    "dawnS2": {
        "position": [
            129.8000030517578,
            7.099999904632568,
            -49.56999969482422
        ],
        "quaternion": [
            0.0,
            -0.9983916878700256,
            0.0,
            0.05669277906417847
        ]
    },
    "dawnS3": {
        "position": [
            106.69999694824219,
            4.1132893562316895,
            -59.400001525878906
        ],
        "quaternion": [
            0.0,
            0.5934188961982727,
            0.0,
            0.8048937916755676
        ]
    },
    "dawnS4": {
        "position": [
            106.0,
            6.699999809265137,
            -68.19999694824219
        ],
        "quaternion": [
            0.0,
            0.635404646396637,
            0.0,
            0.772179365158081
        ]
    },
    "dawnS5": {
        "position": [
            131.8000030517578,
            8.399999618530273,
            -76.0
        ],
        "quaternion": [
            0.0,
            -0.3509429097175598,
            0.0,
            -0.9363968372344971
        ]
    },
    "dawnS6": {
        "position": [
            159.25999450683594,
            12.050000190734863,
            -91.19000244140625
        ],
        "quaternion": [
            0.0,
            -0.27471452951431274,
            0.0,
            -0.9615258574485779
        ]
    },
    "dayS1": {
        "position": [
            -169.05999755859375,
            10.479999542236328,
            -20.5
        ],
        "quaternion": [
            0.0,
            -0.7483772039413452,
            0.0,
            0.6632733345031738
        ]
    },
    "dayS2": {
        "position": [
            -192.16000366210938,
            8.680000305175781,
            -20.5
        ],
        "quaternion": [
            0.0,
            0.8594064116477966,
            0.0,
            0.5112931132316589
        ]
    },
    "dayS3": {
        "position": [
            -179.75999450683594,
            5.294669151306152,
            -1.0
        ],
        "quaternion": [
            0.0,
            0.9976155161857605,
            0.0,
            0.0690164566040039
        ]
    },
    "dayS4": {
        "position": [
            -180.86000061035156,
            5.380000114440918,
            -1.7000000476837158
        ],
        "quaternion": [
            0.0,
            -0.8520011305809021,
            0.0,
            -0.5235399603843689
        ]
    },
    "dayS5": {
        "position": [
            -162.4199981689453,
            5.980000019073486,
            28.049999237060547
        ],
        "quaternion": [
            0.0,
            -0.9355673789978027,
            0.0,
            0.35314828157424927
        ]
    },
    "dayS6": {
        "position": [
            -163.36000061035156,
            5.980000019073486,
            28.43000030517578
        ],
        "quaternion": [
            0.0,
            -0.9854078888893127,
            0.0,
            0.17020951211452484
        ]
    },
    "duskS1": {
        "position": [
            -271.6499938964844,
            5.800000190734863,
            43.970001220703125
        ],
        "quaternion": [
            0.03589465096592903,
            0.29058098793029785,
            -0.010909050703048706,
            0.956114649772644
        ]
    },
    "duskS2": {
        "position": [
            -287.8791198730469,
            6.910733699798584,
            51.19921112060547
        ],
        "quaternion": [
            0.0,
            0.28401535749435425,
            0.0,
            0.9588197469711304
        ]
    },
    "duskS3": {
        "position": [
            -299.7200012207031,
            9.199999809265137,
            52.0
        ],
        "quaternion": [
            0.0,
            0.22239939868450165,
            0.0,
            0.9749556183815002
        ]
    },
    "nightS1": {
        "position": [
            27.3799991607666,
            10.234000205993652,
            -81.97000122070312
        ],
        "quaternion": [
            0.0,
            -0.761029064655304,
            0.0,
            0.6487178206443787
        ]
    },
    "nightS2": {
        "position": [
            -11.920000076293945,
            7.434000015258789,
            -75.37000274658203
        ],
        "quaternion": [
            0.0,
            -0.7980574369430542,
            0.0,
            -0.6025813817977905
        ]
    },
    "nightS3": {
        "position": [
            -18.239999771118164,
            5.934000015258789,
            -31.3700008392334
        ],
        "quaternion": [
            0.0,
            0.8606975674629211,
            0.0,
            0.5091165900230408
        ]
    },
    "nightS4": {
        "position": [
            -11.010000228881836,
            9.300000190734863,
            -24.290000915527344
        ],
        "quaternion": [
            0.0,
            0.7693995237350464,
            0.0,
            0.6387678384780884
        ]
    },
    "nightS5": {
        "position": [
            8.399999618530273,
            8.399999618530273,
            -33.02000045776367
        ],
        "quaternion": [
            0.0,
            -0.9248782396316528,
            0.0,
            0.38026344776153564
        ]
    },
    "nightS6": {
        "position": [
            2.049999952316284,
            9.180000305175781,
            -25.3700008392334
        ],
        "quaternion": [
            0.0,
            -0.9496991038322449,
            0.0,
            0.3131638765335083
        ]
    }
}